"","x"
"1","4:146"
"2","56:121"
"3","56:130"
"4","91:65"
"5","91:145"
"6","104:151"
"7","133:41"
"8","145:45"
"9","202:90"
"10","257:75"
"11","290:56"
"12","290:98"
"13","290:103"
"14","290:109"
"15","290:131"
"16","337:148"
"17","360:43"
"18","362:125"
"19","392:117"
"20","393:183"
"21","411:125"
"22","421:125"
"23","458:57"
"24","458:138"
"25","458:153"
"26","543:76"
"27","568:55"
"28","568:88"
"29","589:32"
"30","589:61"
"31","589:62"
"32","589:73"
"33","589:83"
"34","616:144"
"35","619:72"
"36","619:112"
"37","619:143"
"38","634:169"
"39","651:104"
"40","662:115"
"41","664:23"
"42","664:42"
"43","769:101"
"44","785:67"
"45","785:204"
"46","848:129"
"47","910:74"
"48","920:106"
"49","951:181"
"50","1023:221"
"51","1031:163"
"52","1056:19"
"53","1060:65"
"54","1075:99"
"55","1084:34"
"56","1124:153"
"57","1124:168"
"58","1147:44"
"59","1273:175"
"60","1273:178"
"61","1385:11"
"62","1407:5"
"63","1407:102"
"64","1417:45"
"65","1417:59"
"66","1417:117"
"67","1432:47"
"68","1432:48"
"69","1432:58"
"70","1432:121"
"71","1458:134"
"72","1483:54"
"73","1483:57"
"74","1483:81"
"75","1483:147"
"76","1517:133"
"77","1664:32"
"78","1664:55"
"79","1664:150"
"80","1664:168"
"81","1676:97"
"82","1772:144"
"83","1837:224"
"84","1840:197"
"85","1929:151"
"86","1929:174"
"87","1929:185"
"88","1941:142"
"89","1941:170"
"90","1941:177"
"91","1941:192"
"92","1953:42"
"93","1965:171"
"94","1983:158"
"95","2030:76"
"96","2126:33"
"97","2178:104"
"98","2208:134"
"99","2227:191"
"100","2248:18"
"101","2285:75"
"102","2292:38"
"103","2375:222"
"104","2378:89"
"105","2386:45"
"106","2386:83"
"107","2387:21"
"108","2387:123"
"109","2387:163"
"110","2410:114"
"111","2521:80"
"112","2578:123"
"113","2647:91"
"114","2647:111"
"115","2662:146"
"116","2673:87"
"117","2673:98"
"118","2677:24"
"119","2677:39"
"120","2677:40"
"121","2677:93"
"122","2677:106"
"123","2677:113"
"124","2699:16"
"125","2710:48"
"126","2710:73"
"127","2710:81"
"128","2710:118"
"129","2767:65"
"130","2767:145"
"131","2767:189"
"132","2780:168"
"133","2780:173"
"134","2780:211"
"135","2871:34"
"136","2871:111"
"137","2890:6"
"138","2994:159"
"139","3015:124"
"140","3043:129"
"141","3043:146"
"142","3046:181"
"143","3157:55"
"144","3157:76"
"145","3157:106"
"146","3211:59"
"147","3211:90"
"148","3211:96"
"149","3234:7"
"150","3234:126"
"151","3250:219"
"152","3324:23"
"153","3324:68"
"154","3324:69"
"155","3324:79"
"156","3324:125"
"157","3324:192"
"158","3345:47"
"159","3371:134"
"160","3380:37"
"161","3380:38"
"162","3425:80"
"163","3434:183"
"164","3446:158"
"165","3476:6"
"166","3476:87"
"167","3493:94"
"168","3645:46"
"169","3725:104"
"170","3735:11"
"171","3737:176"
"172","3743:48"
"173","3745:139"
"174","3831:41"
"175","3831:115"
"176","3923:132"
"177","3959:171"
"178","3961:17"
"179","3961:32"
"180","3977:46"
"181","3977:85"
"182","3977:102"
"183","4045:16"
"184","4045:75"
"185","4045:79"
"186","4045:112"
"187","4045:185"
"188","4045:199"
"189","4111:132"
"190","4113:115"
"191","4128:184"
"192","4135:57"
"193","4135:77"
"194","4147:152"
"195","4181:157"
"196","4195:212"
"197","4215:168"
"198","4215:170"
"199","4215:173"
"200","4223:131"
"201","4261:51"
"202","4261:138"
"203","4291:15"
"204","4291:43"
"205","4291:91"
"206","4291:109"
"207","4291:175"
"208","4300:61"
"209","4300:62"
"210","4300:85"
"211","4382:95"
"212","4382:158"
"213","4409:48"
"214","4409:71"
"215","4409:156"
"216","4409:171"
"217","4409:184"
"218","4409:187"
"219","4420:82"
"220","4427:76"
"221","4427:91"
"222","4427:166"
"223","4438:210"
"224","4438:228"
"225","4440:31"
"226","4467:156"
"227","4467:199"
"228","4467:246"
"229","4468:112"
"230","4478:102"
"231","4478:131"
"232","4478:140"
"233","4487:140"
"234","4561:194"
"235","4656:21"
"236","4656:49"
"237","4700:71"
"238","4727:135"
"239","4727:137"
"240","4751:55"
"241","4751:103"
"242","4751:136"
"243","4751:161"
"244","4751:174"
"245","4763:115"
"246","4785:98"
"247","4859:214"
"248","4875:46"
"249","4875:60"
"250","4875:63"
"251","4875:148"
"252","4880:125"
"253","4910:47"
"254","4910:164"
"255","4910:170"
"256","4928:89"
"257","4948:54"
"258","4956:90"
"259","4956:95"
"260","4956:162"
"261","5058:129"
"262","5058:136"
"263","5076:31"
"264","5109:64"
"265","5141:138"
"266","5176:61"
"267","5196:86"
"268","5411:34"
"269","5411:36"
"270","5411:104"
"271","5433:148"
"272","5464:57"
"273","5505:156"
"274","5585:81"
"275","5587:77"
"276","5587:153"
"277","5587:201"
"278","5664:45"
"279","5680:134"
"280","5680:145"
"281","5680:147"
"282","5680:153"
"283","5680:156"
"284","5680:159"
"285","5680:169"
"286","5680:171"
"287","5680:174"
"288","5680:179"
"289","5680:204"
"290","5680:205"
"291","5680:210"
"292","5680:211"
"293","5680:212"
"294","5680:215"
"295","5719:81"
"296","5734:83"
"297","5769:44"
"298","5769:58"
"299","5769:103"
"300","5769:106"
"301","5769:127"
"302","5776:144"
"303","5791:95"
"304","5791:110"
"305","5791:117"
"306","5791:118"
"307","5791:168"
"308","5791:172"
"309","5791:178"
"310","5791:180"
"311","5791:202"
"312","5823:132"
"313","5827:84"
"314","5841:76"
"315","5841:163"
"316","5841:170"
"317","5846:75"
"318","5872:30"
"319","5872:100"
"320","5926:22"
"321","5926:98"
"322","5969:30"
"323","5986:91"
"324","6089:81"
"325","6187:27"
"326","6187:50"
"327","6187:98"
"328","6256:106"
"329","6276:68"
"330","6276:85"
"331","6305:8"
"332","6305:84"
"333","6316:30"
"334","6316:64"
"335","6316:96"
"336","6316:142"
"337","6316:186"
"338","6334:154"
"339","6334:155"
"340","6347:16"
"341","6347:182"
"342","6400:169"
"343","6410:106"
"344","6410:186"
"345","6410:209"
"346","6418:180"
"347","6419:38"
"348","6419:73"
"349","6419:83"
"350","6419:123"
"351","6492:110"
"352","6623:58"
"353","6670:47"
"354","6678:16"
"355","6678:155"
"356","6701:151"
"357","6720:128"
"358","6732:40"
"359","6732:161"
"360","6739:18"
"361","6835:35"
"362","6894:169"
"363","6898:130"
"364","6919:95"
"365","6919:152"
"366","6948:22"
"367","6948:71"
"368","6948:88"
"369","7057:21"
"370","7124:58"
"371","7144:103"
"372","7156:12"
"373","7156:59"
"374","7156:95"
"375","7156:128"
"376","7226:78"
"377","7227:22"
"378","7233:61"
"379","7258:34"
"380","7258:53"
"381","7287:45"
"382","7287:64"
"383","7292:22"
"384","7292:23"
"385","7292:61"
"386","7292:108"
"387","7318:16"
"388","7318:157"
"389","7335:105"
"390","7348:99"
"391","7355:5"
"392","7355:35"
"393","7355:108"
"394","7355:113"
"395","7355:152"
"396","7357:132"
"397","7389:110"
"398","7392:178"
"399","7551:171"
"400","7559:176"
"401","7559:179"
"402","7595:78"
"403","7595:94"
"404","7599:123"
"405","7608:12"
"406","7668:23"
"407","7675:108"
"408","7690:108"
"409","7690:165"
"410","7718:12"
"411","7718:80"
"412","7718:97"
"413","7718:160"
"414","7718:205"
"415","7725:18"
"416","7725:70"
"417","7725:112"
"418","7725:154"
"419","7746:105"
"420","7801:136"
"421","7811:223"
"422","7832:87"
"423","7869:130"
"424","7869:164"
"425","7890:9"
"426","7932:103"
"427","7932:110"
"428","7932:145"
"429","7954:42"
"430","7954:73"
"431","7954:93"
"432","7954:136"
"433","7962:157"
"434","7962:158"
"435","7971:148"
"436","8040:114"
"437","8098:131"
"438","8098:193"
"439","8163:283"
"440","8163:291"
"441","8171:11"
"442","8199:40"
"443","8222:21"
"444","8222:91"
"445","8256:24"
"446","8256:48"
"447","8256:157"
"448","8256:160"
"449","8256:218"
"450","8256:284"
"451","8307:203"
"452","8355:125"
"453","8360:163"
"454","8385:26"
"455","8385:119"
"456","8453:62"
"457","8453:73"
"458","8453:165"
"459","8477:19"
"460","8477:231"
"461","8595:26"
"462","8595:116"
"463","8595:129"
"464","8595:131"
"465","8595:146"
"466","8595:156"
"467","8633:12"
"468","8633:53"
"469","8665:142"
"470","8762:56"
"471","8772:86"
"472","8800:153"
"473","8800:154"
"474","8800:155"
"475","8800:156"
"476","8841:154"
"477","8886:163"
"478","8886:164"
"479","8929:96"
"480","8929:158"
"481","8931:109"
"482","8931:146"
"483","8972:142"
"484","8996:104"
"485","9009:16"
"486","9009:67"
"487","9026:100"
"488","9046:29"
"489","9062:102"
"490","9071:11"
"491","9133:170"
"492","9243:162"
"493","9293:15"
"494","9293:106"
"495","9293:174"
"496","9293:178"
"497","9335:24"
"498","9335:83"
"499","9335:129"
"500","9335:158"
"501","9356:263"
"502","9363:209"
"503","9408:96"
"504","9436:120"
"505","9463:114"
"506","9473:33"
"507","9473:134"
"508","9517:5"
"509","9517:102"
"510","9549:129"
"511","9549:137"
"512","9552:152"
"513","9559:128"
"514","9610:22"
"515","9610:142"
"516","9641:171"
"517","9641:175"
"518","9654:93"
"519","9654:94"
"520","9660:176"
"521","9678:24"
"522","9682:179"
"523","9698:30"
"524","9698:31"
"525","9706:185"
"526","9710:118"
"527","9713:96"
"528","9763:170"
"529","9832:170"
"530","9906:140"
"531","9918:28"
"532","9918:31"
"533","9921:144"
"534","9931:119"
"535","9957:38"
"536","9957:55"
"537","9957:134"
"538","9965:177"
"539","9981:176"
"540","9995:46"
"541","10032:125"
"542","10032:159"
"543","10036:51"
"544","10044:110"
"545","10058:63"
"546","10065:10"
"547","10065:19"
"548","10065:47"
"549","10069:101"
"550","10069:110"
"551","10069:133"
"552","10072:52"
"553","10072:119"
"554","10072:153"
"555","10086:41"
"556","10086:77"
"557","10155:130"
"558","10164:125"
"559","10175:11"
"560","10175:78"
"561","10175:123"
"562","10197:166"
"563","10197:177"
"564","10197:183"
"565","10197:187"
"566","10197:189"
"567","10208:93"
"568","10208:98"
"569","10208:99"
"570","10211:23"
"571","10211:74"
"572","10211:122"
"573","10269:47"
"574","10269:53"
"575","10269:130"
"576","10269:149"
"577","10281:23"
"578","10281:50"
"579","10281:155"
"580","10396:160"
"581","10448:158"
"582","10480:16"
"583","10535:35"
"584","10566:21"
"585","10566:186"
"586","10589:200"
"587","10602:105"
"588","10602:106"
"589","10602:133"
"590","10693:16"
"591","10707:68"
"592","10707:94"
"593","10707:136"
"594","10707:157"
"595","10707:166"
"596","10815:145"
"597","10875:34"
"598","10875:79"
"599","10883:13"
"600","10883:63"
"601","10897:84"
"602","10934:160"
"603","11050:19"
"604","11050:28"
"605","11070:139"
"606","11075:93"
"607","11075:177"
"608","11106:42"
"609","11106:50"
"610","11106:58"
"611","11106:62"
"612","11110:198"
"613","11144:108"
"614","11266:26"
"615","11277:16"
"616","11277:151"
"617","11277:177"
"618","11277:180"
"619","11278:92"
"620","11278:136"
"621","11299:136"
"622","11308:11"
"623","11308:15"
"624","11314:35"
"625","11391:102"
"626","11404:22"
"627","11414:149"
"628","11417:64"
"629","11489:76"
"630","11489:77"
"631","11489:135"
"632","11522:103"
"633","11567:164"
"634","11567:296"
"635","11603:16"
"636","11621:89"
"637","11672:102"
"638","11694:212"
"639","11778:114"
"640","11787:96"
"641","11789:60"
"642","11796:62"
"643","11882:192"
"644","11925:47"
"645","11930:64"
"646","11970:77"
"647","11978:38"
"648","12036:87"
"649","12063:26"
"650","12089:15"
"651","12089:148"
"652","12089:171"
"653","12122:78"
"654","12122:122"
"655","12122:139"
"656","12182:92"
"657","12203:212"
"658","12223:5"
"659","12245:111"
"660","12250:107"
"661","12252:156"
"662","12337:229"
"663","12351:111"
"664","12357:58"
"665","12394:7"
"666","12442:125"
"667","12452:126"
"668","12499:69"
"669","12499:78"
"670","12514:142"
"671","12559:52"
"672","12559:141"
"673","12559:157"
"674","12593:94"
"675","12645:150"
"676","12808:95"
"677","12808:118"
"678","12808:121"
"679","12808:157"
"680","12867:61"
"681","12867:101"
"682","12890:44"
"683","12897:13"
"684","12903:181"
"685","12903:230"
"686","13042:70"
"687","13074:123"
"688","13120:35"
"689","13120:72"
"690","13120:130"
"691","13123:148"
"692","13123:163"
"693","13123:265"
"694","13174:126"
"695","13174:184"
"696","13174:222"
"697","13174:235"
"698","13216:79"
"699","13218:74"
"700","13239:162"
"701","13239:211"
"702","13261:107"
"703","13261:117"
"704","13261:144"
"705","13261:147"
"706","13261:207"
"707","13268:156"
"708","13302:62"
"709","13302:132"
"710","13302:138"
"711","13326:118"
"712","13405:8"
"713","13405:37"
"714","13436:154"
"715","13460:17"
"716","13470:122"
"717","13541:111"
"718","13541:121"
"719","13580:158"
"720","13594:181"
"721","13639:189"
"722","13829:131"
"723","13908:166"
"724","13908:167"
"725","13946:42"
"726","14010:58"
"727","14010:92"
"728","14010:123"
"729","14021:15"
"730","14033:135"
"731","14047:11"
"732","14047:93"
"733","14211:50"
"734","14240:75"
"735","14240:116"
"736","14241:37"
"737","14267:120"
"738","14315:19"
"739","14340:221"
"740","14354:142"
"741","14397:80"
"742","14407:77"
"743","14502:87"
"744","14502:119"
"745","14526:80"
"746","14557:16"
"747","14557:67"
"748","14557:139"
"749","14596:97"
"750","14596:117"
"751","14624:179"
"752","14635:53"
"753","14635:137"
"754","14682:34"
"755","14690:71"
"756","14761:36"
"757","14783:196"
"758","14833:30"
"759","14833:68"
"760","14833:71"
"761","14849:57"
"762","14907:47"
"763","14945:54"
"764","14945:105"
"765","14945:119"
"766","14973:18"
"767","14978:244"
"768","15005:13"
"769","15005:65"
"770","15005:68"
"771","15005:70"
"772","15005:155"
"773","15013:164"
"774","15041:16"
"775","15058:62"
"776","15061:126"
"777","15075:77"
"778","15075:88"
"779","15117:94"
"780","15144:74"
"781","15180:83"
"782","15180:85"
"783","15235:101"
"784","15235:114"
"785","15235:153"
"786","15235:156"
"787","15235:234"
"788","15253:14"
"789","15253:16"
"790","15268:20"
"791","15278:63"
"792","15278:87"
"793","15311:59"
"794","15382:151"
"795","15387:54"
"796","15387:69"
"797","15452:40"
"798","15452:97"
"799","15459:129"
"800","15478:188"
"801","15528:72"
"802","15604:66"
"803","15604:118"
"804","15624:109"
"805","15624:110"
"806","15632:148"
"807","15664:66"
"808","15664:209"
"809","15664:273"
"810","15664:284"
"811","15666:98"
"812","15666:167"
"813","15716:161"
"814","15828:77"
"815","15884:83"
"816","15908:128"
"817","15910:161"
"818","15927:71"
"819","15927:179"
"820","15954:112"
"821","15979:57"
"822","15979:90"
"823","15979:142"
"824","15979:144"
"825","15979:146"
"826","16024:47"
"827","16046:124"
"828","16046:207"
"829","16067:143"
"830","16067:149"
"831","16068:103"
"832","16068:130"
"833","16068:162"
"834","16074:111"
"835","16086:128"
"836","16086:183"
"837","16101:52"
"838","16101:94"
"839","16115:5"
"840","16115:34"
"841","16115:57"
"842","16115:148"
"843","16115:172"
"844","16161:112"
"845","16172:222"
"846","16256:75"
"847","16278:39"
"848","16284:79"
"849","16284:108"
"850","16387:33"
"851","16387:87"
"852","16387:117"
"853","16449:123"
"854","16492:169"
"855","16520:103"
"856","16587:149"
"857","16587:152"
"858","16588:146"
"859","16638:68"
"860","16638:142"
"861","16667:43"
"862","16667:44"
"863","16667:133"
"864","16667:134"
"865","16667:151"
"866","16667:189"
"867","16711:47"
"868","16803:65"
"869","16838:83"
"870","16851:62"
"871","16851:109"
"872","16851:127"
"873","16851:165"
"874","16851:176"
"875","16851:180"
"876","16906:44"
"877","16906:60"
"878","16937:155"
"879","16937:167"
"880","17017:50"
"881","17104:83"
"882","17122:72"
"883","17122:79"
"884","17122:105"
"885","17122:147"
"886","17122:173"
"887","17122:189"
"888","17156:174"
"889","17277:7"
"890","17295:149"
"891","17322:139"
"892","17322:143"
"893","17434:150"
"894","17477:128"
"895","17545:214"
"896","17545:225"
"897","17576:18"
"898","17594:246"
"899","17654:76"
"900","17665:41"
"901","17678:227"
"902","17781:175"
"903","17834:225"
"904","17868:59"
"905","17868:132"
"906","17928:139"
"907","17933:181"
"908","17933:182"
"909","17940:12"
"910","17940:25"
"911","17959:223"
"912","17971:184"
"913","17972:19"
"914","17972:92"
"915","17992:26"
"916","17992:101"
"917","18008:18"
"918","18008:136"
"919","18008:175"
"920","18008:185"
"921","18036:158"
"922","18063:180"
"923","18063:196"
"924","18149:70"
"925","18149:183"
"926","18149:184"
"927","18149:251"
"928","18191:30"
"929","18207:66"
"930","18207:85"
"931","18207:96"
"932","18207:99"
"933","18215:30"
"934","18246:156"
"935","18309:85"
"936","18364:170"
"937","18431:66"
"938","18431:75"
"939","18444:33"
"940","18459:169"
"941","18459:180"
"942","18459:243"
"943","18459:252"
"944","18459:267"
"945","18472:70"
"946","18489:298"
"947","18575:119"
"948","18575:125"
"949","18575:147"
"950","18584:89"
"951","18633:59"
"952","18706:214"
"953","18721:84"
"954","18721:138"
"955","18732:87"
"956","18829:6"
"957","18829:30"
"958","18829:187"
"959","18897:26"
"960","18897:109"
"961","18917:174"
"962","18917:176"
"963","18920:55"
"964","18920:87"
"965","18920:103"
"966","18920:174"
"967","18920:177"
"968","18920:199"
"969","18925:81"
"970","18941:26"
"971","18946:129"
"972","18946:130"
"973","18980:118"
"974","18993:59"
"975","18993:174"
"976","19136:35"
"977","19136:168"
"978","19137:61"
"979","19178:169"
"980","19326:100"
"981","19370:185"
"982","19417:181"
"983","19423:153"
"984","19425:57"
"985","19428:165"
"986","19471:146"
"987","19477:23"
"988","19477:77"
"989","19477:131"
"990","19486:46"
"991","19486:84"
"992","19486:89"
"993","19486:94"
"994","19533:146"
"995","19555:74"
"996","19587:111"
"997","19622:30"
"998","19622:96"
"999","19622:97"
"1000","19622:131"
"1001","19622:162"
"1002","19631:156"
"1003","19634:147"
"1004","19645:84"
"1005","19645:132"
"1006","19672:61"
"1007","19716:92"
"1008","19730:64"
"1009","19730:71"
"1010","19739:85"
"1011","19861:41"
"1012","19861:121"
"1013","19902:159"
"1014","19902:191"
"1015","19902:196"
"1016","19902:223"
"1017","19908:160"
"1018","19919:54"
"1019","19946:207"
"1020","19954:99"
"1021","19990:206"
"1022","19990:207"
"1023","20004:203"
"1024","20094:108"
"1025","20094:116"
"1026","20094:148"
"1027","20094:150"
"1028","20094:202"
"1029","20124:74"
"1030","20161:67"
"1031","20161:72"
"1032","20161:102"
"1033","20161:111"
"1034","20161:118"
"1035","20161:124"
"1036","20161:144"
"1037","20180:61"
"1038","20180:72"
"1039","20180:101"
"1040","20192:108"
"1041","20192:109"
"1042","20221:162"
"1043","20221:192"
"1044","20256:73"
"1045","20256:163"
"1046","20302:26"
"1047","20388:55"
"1048","20388:129"
"1049","20546:65"
"1050","20659:8"
"1051","20659:12"
"1052","20659:22"
"1053","20659:28"
"1054","20659:89"
"1055","20659:92"
"1056","20659:109"
"1057","20659:135"
"1058","20659:180"
"1059","20661:84"
"1060","20709:20"
"1061","20709:28"
"1062","20709:37"
"1063","20709:107"
"1064","20723:29"
"1065","20765:155"
"1066","20771:24"
"1067","20771:33"
"1068","20771:34"
"1069","20771:42"
"1070","20771:98"
"1071","20887:141"
"1072","20927:7"
"1073","21043:215"
"1074","21070:63"
"1075","21070:84"
"1076","21088:138"
"1077","21101:90"
"1078","21126:119"
"1079","21209:28"
"1080","21209:47"
"1081","21209:49"
"1082","21209:91"
"1083","21209:108"
"1084","21213:245"
"1085","21265:90"
"1086","21313:44"
"1087","21315:184"
"1088","21357:98"
"1089","21357:116"
"1090","21357:117"
"1091","21388:169"
"1092","21446:198"
"1093","21509:150"
"1094","21528:205"
"1095","21530:111"
"1096","21564:102"
"1097","21582:121"
"1098","21625:226"
"1099","21651:41"
"1100","21654:159"
"1101","21733:181"
"1102","21733:204"
"1103","21733:268"
"1104","21733:269"
"1105","21741:107"
"1106","21762:17"
"1107","21762:155"
"1108","21762:217"
"1109","21766:158"
"1110","21766:159"
"1111","21766:175"
"1112","21770:164"
"1113","21773:12"
"1114","21876:184"
"1115","21925:69"
"1116","21982:50"
"1117","22092:26"
"1118","22092:136"
"1119","22092:149"
"1120","22143:225"
"1121","22166:59"
"1122","22166:74"
"1123","22166:96"
"1124","22166:134"
"1125","22166:147"
"1126","22166:181"
"1127","22180:28"
"1128","22228:59"
"1129","22244:17"
"1130","22292:46"
"1131","22312:70"
"1132","22312:89"
"1133","22323:21"
"1134","22323:88"
"1135","22323:131"
"1136","22377:161"
"1137","22437:43"
"1138","22444:186"
"1139","22444:221"
"1140","22444:232"
"1141","22508:44"
"1142","22508:100"
"1143","22508:188"
"1144","22532:229"
"1145","22538:30"
"1146","22548:30"
"1147","22548:48"
"1148","22548:74"
"1149","22548:88"
"1150","22548:92"
"1151","22548:93"
"1152","22621:151"
"1153","22621:175"
"1154","22636:219"
"1155","22647:170"
"1156","22728:75"
"1157","22855:110"
"1158","22922:186"
"1159","22928:21"
"1160","22928:23"
"1161","22968:29"
"1162","22979:147"
"1163","23029:182"
"1164","23040:94"
"1165","23055:27"
"1166","23136:108"
"1167","23216:112"
"1168","23278:38"
"1169","23278:51"
"1170","23278:97"
"1171","23278:161"
"1172","23278:178"
"1173","23339:31"
"1174","23416:7"
"1175","23416:143"
"1176","23458:57"
"1177","23458:251"
"1178","23523:143"
"1179","23555:89"
"1180","23600:152"
"1181","23600:190"
"1182","23606:162"
"1183","23617:169"
"1184","23629:109"
"1185","23690:76"
"1186","23690:86"
"1187","23728:77"
"1188","23753:107"
"1189","23766:68"
"1190","23848:61"
"1191","23848:80"
"1192","23917:89"
"1193","23917:176"
"1194","23935:30"
"1195","23955:74"
"1196","23955:123"
"1197","23955:147"
"1198","23955:159"
"1199","23955:181"
"1200","23955:221"
"1201","24023:7"
"1202","24095:49"
"1203","24095:58"
"1204","24101:170"
"1205","24102:60"
"1206","24114:98"
"1207","24114:147"
"1208","24139:275"
"1209","24153:30"
"1210","24161:149"
"1211","24170:133"
"1212","24180:42"
"1213","24221:113"
"1214","24221:138"
"1215","24221:145"
"1216","24277:127"
"1217","24347:25"
"1218","24347:28"
"1219","24347:66"
"1220","24347:145"
"1221","24347:154"
"1222","24347:166"
"1223","24347:173"
"1224","24347:189"
"1225","24426:39"
"1226","24426:65"
"1227","24444:90"
"1228","24471:120"
"1229","24539:121"
"1230","24565:195"
"1231","24598:84"
"1232","24598:140"
"1233","24609:45"
"1234","24609:63"
"1235","24609:68"
"1236","24617:156"
"1237","24624:5"
"1238","24624:107"
"1239","24682:187"
"1240","24730:152"
"1241","24772:160"
"1242","24786:159"
"1243","24798:114"
"1244","24826:7"
"1245","24826:63"
"1246","24826:149"
"1247","24849:59"
"1248","24878:33"
"1249","24914:38"
"1250","24914:76"
"1251","24939:22"
"1252","24939:64"
"1253","24995:171"
"1254","25008:56"
"1255","25008:75"
"1256","25008:123"
"1257","25019:38"
"1258","25042:123"
"1259","25100:171"
"1260","25100:191"
"1261","25106:37"
"1262","25106:74"
"1263","25127:173"
"1264","25129:169"
"1265","25164:15"
"1266","25177:13"
"1267","25177:48"
"1268","25193:112"
"1269","25204:6"
"1270","25204:8"
"1271","25204:100"
"1272","25255:28"
"1273","25255:67"
"1274","25255:172"
"1275","25298:55"
"1276","25302:213"
"1277","25376:107"
"1278","25424:115"
"1279","25444:133"
"1280","25445:7"
"1281","25456:29"
"1282","25456:49"
"1283","25456:196"
"1284","25456:208"
"1285","25456:226"
"1286","25508:15"
"1287","25508:65"
"1288","25513:220"
"1289","25556:141"
"1290","25567:16"
"1291","25567:107"
"1292","25567:123"
"1293","25567:167"
"1294","25567:182"
"1295","25634:200"
"1296","25666:84"
"1297","25666:123"
"1298","25666:160"
"1299","25666:180"
"1300","25827:127"
"1301","25893:101"
"1302","25917:92"
"1303","25954:63"
"1304","25954:131"
"1305","25954:187"
"1306","25954:190"
"1307","25954:218"
"1308","25973:84"
"1309","25983:97"
"1310","26000:54"
"1311","26004:152"
"1312","26023:122"
"1313","26140:17"
"1314","26140:48"
"1315","26174:82"
"1316","26182:114"
"1317","26182:118"
"1318","26182:125"
"1319","26257:51"
"1320","26257:64"
"1321","26257:128"
"1322","26257:143"
"1323","26257:152"
"1324","26257:167"
"1325","26269:99"
"1326","26269:121"
"1327","26269:135"
"1328","26269:163"
"1329","26269:165"
"1330","26269:166"
"1331","26282:17"
"1332","26282:81"
"1333","26282:175"
"1334","26294:74"
"1335","26315:76"
"1336","26431:66"
"1337","26434:197"
"1338","26479:70"
"1339","26519:78"
"1340","26519:90"
"1341","26519:189"
"1342","26519:228"
"1343","26539:156"
"1344","26601:101"
"1345","26623:160"
"1346","26636:123"
"1347","26636:133"
"1348","26670:83"
"1349","26670:104"
"1350","26696:166"
"1351","26696:183"
"1352","26702:71"
"1353","26800:85"
"1354","26800:107"
"1355","26800:166"
"1356","26917:80"
"1357","26917:108"
"1358","26919:228"
"1359","26956:55"
"1360","26956:82"
"1361","26956:128"
"1362","26956:138"
"1363","27070:59"
"1364","27070:163"
"1365","27070:174"
"1366","27073:62"
"1367","27082:96"
"1368","27151:65"
"1369","27151:116"
"1370","27176:220"
"1371","27176:221"
"1372","27176:222"
"1373","27237:18"
"1374","27254:46"
"1375","27254:95"
"1376","27285:125"
"1377","27295:133"
"1378","27295:153"
"1379","27295:178"
"1380","27317:6"
"1381","27317:153"
"1382","27317:162"
"1383","27379:113"
"1384","27401:31"
"1385","27448:39"
"1386","27519:184"
"1387","27559:105"
"1388","27584:161"
"1389","27616:39"
"1390","27616:167"
"1391","27616:181"
"1392","27616:222"
"1393","27637:54"
"1394","27663:56"
"1395","27679:39"
"1396","27679:51"
"1397","27679:70"
"1398","27679:99"
"1399","27679:253"
"1400","27679:257"
"1401","27679:260"
"1402","27773:27"
"1403","27851:72"
"1404","27872:164"
"1405","27932:139"
"1406","27971:134"
"1407","28094:136"
"1408","28113:138"
"1409","28152:248"
"1410","28228:8"
"1411","28228:19"
"1412","28228:30"
"1413","28228:148"
"1414","28228:161"
"1415","28228:170"
"1416","28228:171"
"1417","28252:89"
"1418","28270:36"
"1419","28270:39"
"1420","28270:103"
"1421","28288:5"
"1422","28289:178"
"1423","28313:80"
"1424","28329:56"
"1425","28330:90"
"1426","28330:133"
"1427","28330:204"
"1428","28330:219"
"1429","28344:116"
"1430","28344:140"
"1431","28344:159"
"1432","28344:164"
"1433","28346:151"
"1434","28352:55"
"1435","28352:105"
"1436","28359:74"
"1437","28426:195"
"1438","28446:157"
"1439","28492:147"
"1440","28586:134"
"1441","28586:151"
"1442","28587:73"
"1443","28587:115"
"1444","28587:165"
"1445","28590:72"
"1446","28590:74"
"1447","28590:123"
"1448","28613:182"
"1449","28629:113"
"1450","28670:148"
"1451","28752:169"
"1452","28762:218"
"1453","28843:18"
"1454","28843:40"
"1455","28843:46"
"1456","28843:150"
"1457","28843:169"
"1458","28914:75"
"1459","28914:116"
"1460","28973:186"
"1461","28977:111"
"1462","28981:26"
"1463","28981:27"
"1464","28981:28"
"1465","28981:33"
"1466","28981:90"
"1467","29034:71"
"1468","29034:147"
"1469","29034:226"
"1470","29038:116"
"1471","29080:56"
"1472","29162:187"
"1473","29170:112"
"1474","29170:118"
"1475","29170:129"
"1476","29196:130"
"1477","29240:27"
"1478","29240:118"
"1479","29250:17"
"1480","29250:184"
"1481","29270:31"
"1482","29270:127"
"1483","29271:56"
"1484","29271:79"
"1485","29276:33"
"1486","29276:63"
"1487","29276:65"
"1488","29276:101"
"1489","29366:166"
"1490","29366:168"
"1491","29430:66"
"1492","29436:101"
"1493","29544:109"
"1494","29558:108"
"1495","29593:39"
"1496","29593:60"
"1497","29593:87"
"1498","29593:125"
"1499","29593:157"
"1500","29616:25"
"1501","29716:102"
"1502","29791:140"
"1503","29791:149"
"1504","29844:71"
"1505","29844:106"
"1506","29865:115"
"1507","29915:54"
"1508","29930:86"
"1509","29931:176"
"1510","29931:223"
"1511","29998:70"
"1512","29998:125"
"1513","30093:9"
"1514","30093:82"
"1515","30093:94"
"1516","30093:143"
"1517","30093:149"
"1518","30112:45"
"1519","30116:12"
"1520","30116:35"
"1521","30116:41"
"1522","30116:73"
"1523","30146:95"
"1524","30173:134"
"1525","30220:112"
"1526","30231:6"
"1527","30335:223"
"1528","30360:138"
"1529","30606:71"
"1530","30606:90"
"1531","30617:104"
"1532","30629:25"
"1533","30629:32"
"1534","30651:198"
"1535","30689:119"
"1536","30705:150"
"1537","30705:157"
"1538","30725:35"
"1539","30737:67"
"1540","30737:73"
"1541","30790:32"
"1542","30790:172"
"1543","30817:261"
"1544","30822:160"
"1545","30843:193"
"1546","30843:208"
"1547","30900:30"
"1548","30924:170"
"1549","30983:241"
"1550","30986:85"
"1551","31043:87"
"1552","31043:255"
"1553","31087:171"
"1554","31115:67"
"1555","31115:232"
"1556","31134:33"
"1557","31184:43"
"1558","31198:57"
"1559","31198:75"
"1560","31198:83"
"1561","31261:38"
"1562","31261:94"
"1563","31264:125"
"1564","31338:132"
"1565","31338:202"
"1566","31367:22"
"1567","31367:133"
"1568","31367:141"
"1569","31409:183"
"1570","31409:187"
"1571","31409:188"
"1572","31448:66"
"1573","31539:120"
"1574","31539:123"
"1575","31559:65"
"1576","31559:134"
"1577","31559:164"
"1578","31559:182"
"1579","31559:187"
"1580","31581:205"
"1581","31586:71"
"1582","31586:152"
"1583","31613:120"
"1584","31621:13"
"1585","31621:47"
"1586","31628:73"
"1587","31629:132"
"1588","31651:82"
"1589","31660:145"
"1590","31664:139"
"1591","31696:71"
"1592","31723:23"
"1593","31723:30"
"1594","31723:199"
"1595","31736:178"
"1596","31789:65"
"1597","31789:141"
"1598","31849:72"
"1599","31849:170"
"1600","31872:20"
"1601","31872:58"
"1602","31994:69"
"1603","32014:131"
"1604","32032:38"
"1605","32042:66"
"1606","32042:159"
"1607","32053:80"
"1608","32087:106"
"1609","32127:20"
"1610","32127:72"
"1611","32172:70"
"1612","32182:204"
"1613","32202:64"
"1614","32202:130"
"1615","32331:28"
"1616","32335:194"
"1617","32355:11"
"1618","32355:70"
"1619","32355:104"
"1620","32369:61"
"1621","32383:88"
"1622","32520:40"
"1623","32520:116"
"1624","32551:74"
"1625","32615:57"
"1626","32658:40"
"1627","32661:24"
"1628","32661:126"
"1629","32661:141"
"1630","32661:142"
"1631","32670:122"
"1632","32670:127"
"1633","32755:31"
"1634","32806:120"
"1635","32836:16"
"1636","32836:17"
"1637","32844:101"
"1638","32853:246"
"1639","32853:250"
"1640","32959:71"
"1641","32998:7"
"1642","32998:9"
"1643","32998:34"
"1644","32998:83"
"1645","33010:17"
"1646","33024:174"
"1647","33024:192"
"1648","33024:195"
"1649","33032:28"
"1650","33032:152"
"1651","33049:218"
"1652","33098:82"
"1653","33151:165"
"1654","33193:18"
"1655","33193:210"
"1656","33193:249"
"1657","33201:26"
"1658","33201:76"
"1659","33242:43"
"1660","33242:140"
"1661","33252:120"
"1662","33252:152"
"1663","33403:70"
"1664","33579:126"
"1665","33606:61"
"1666","33606:63"
"1667","33606:154"
"1668","33606:203"
"1669","33606:206"
"1670","33606:213"
"1671","33606:215"
"1672","33606:219"
"1673","33606:227"
"1674","33606:228"
"1675","33606:235"
"1676","33606:244"
"1677","33657:29"
"1678","33657:121"
"1679","33682:66"
"1680","33682:92"
"1681","33682:144"
"1682","33682:145"
"1683","33693:150"
"1684","33693:162"
"1685","33694:53"
"1686","33720:16"
"1687","33720:120"
"1688","33746:69"
"1689","33746:97"
"1690","33746:101"
"1691","33779:44"
"1692","33829:6"
"1693","33829:144"
"1694","33829:196"
"1695","33829:200"
"1696","33932:44"
"1697","34033:251"
"1698","34051:167"
"1699","34093:180"
"1700","34093:198"
"1701","34101:23"
"1702","34101:35"
"1703","34160:92"
"1704","34161:156"
"1705","34161:241"
"1706","34247:19"
"1707","34247:54"
"1708","34268:111"
"1709","34268:113"
"1710","34268:120"
"1711","34294:40"
"1712","34351:95"
"1713","34360:23"
"1714","34457:67"
"1715","34524:40"
"1716","34553:141"
"1717","34568:122"
"1718","34603:112"
"1719","34605:132"
"1720","34605:141"
"1721","34625:204"
"1722","34625:249"
"1723","34652:78"
"1724","34652:93"
"1725","34652:116"
"1726","34652:159"
"1727","34671:68"
"1728","34671:85"
"1729","34671:165"
"1730","34671:169"
"1731","34671:177"
"1732","34671:179"
"1733","34671:180"
"1734","34671:182"
"1735","34671:184"
"1736","34671:191"
"1737","34716:120"
"1738","34725:10"
"1739","34725:137"
"1740","34729:119"
"1741","34737:35"
"1742","34737:162"
"1743","34737:164"
"1744","34737:165"
"1745","34737:167"
"1746","34737:171"
"1747","34871:133"
"1748","34981:24"
"1749","34996:183"
"1750","35000:133"
"1751","35038:139"
"1752","35054:143"
"1753","35054:150"
"1754","35054:154"
"1755","35054:165"
"1756","35054:166"
"1757","35069:104"
"1758","35175:32"
"1759","35181:70"
"1760","35181:107"
"1761","35181:117"
"1762","35188:33"
"1763","35210:132"
"1764","35243:164"
"1765","35245:83"
"1766","35335:42"
"1767","35346:159"
"1768","35355:147"
"1769","35387:87"
"1770","35387:105"
"1771","35387:151"
"1772","35415:146"
"1773","35432:159"
"1774","35454:81"
"1775","35563:76"
"1776","35563:139"
"1777","35586:115"
"1778","35651:15"
"1779","35651:16"
"1780","35651:90"
"1781","35675:12"
"1782","35675:21"
"1783","35690:26"
"1784","35690:178"
"1785","35727:56"
"1786","35731:88"
"1787","35761:196"
"1788","35770:47"
"1789","35770:120"
"1790","35944:35"
"1791","35944:142"
"1792","35944:159"
"1793","35944:174"
"1794","35944:175"
"1795","35944:182"
"1796","35944:197"
"1797","35951:252"
"1798","35956:16"
"1799","35956:69"
"1800","35956:108"
"1801","36000:74"
"1802","36000:150"
"1803","36023:23"
"1804","36023:119"
"1805","36059:83"
"1806","36059:88"
"1807","36064:138"
"1808","36064:167"
"1809","36065:127"
"1810","36068:40"
"1811","36068:41"
"1812","36100:243"
"1813","36120:35"
"1814","36120:65"
"1815","36120:85"
"1816","36120:209"
"1817","36133:9"
"1818","36143:142"
"1819","36146:87"
"1820","36146:217"
"1821","36190:98"
"1822","36190:100"
"1823","36190:103"
"1824","36193:16"
"1825","36193:142"
"1826","36193:195"
"1827","36207:97"
"1828","36253:91"
"1829","36257:143"
"1830","36257:210"
"1831","36306:112"
"1832","36306:143"
"1833","36306:157"
"1834","36306:158"
"1835","36306:159"
"1836","36316:30"
"1837","36316:59"
"1838","36316:142"
"1839","36484:134"
"1840","36487:136"
"1841","36487:147"
"1842","36487:161"
"1843","36487:169"
"1844","36487:173"
"1845","36487:187"
"1846","36649:164"
"1847","36657:31"
"1848","36657:84"
"1849","36714:145"
"1850","36714:156"
"1851","36764:156"
"1852","36786:7"
"1853","36786:122"
"1854","36786:133"
"1855","36786:143"
"1856","36786:153"
"1857","36832:123"
"1858","36965:168"
"1859","36966:143"
"1860","37042:71"
"1861","37042:111"
"1862","37089:72"
"1863","37089:83"
"1864","37123:57"
"1865","37155:6"
"1866","37155:33"
"1867","37155:102"
"1868","37155:172"
"1869","37161:96"
"1870","37161:97"
"1871","37161:189"
"1872","37161:191"
"1873","37455:153"
"1874","37455:215"
"1875","37480:99"
"1876","37535:172"
"1877","37543:59"
"1878","37763:160"
"1879","37811:200"
"1880","37857:100"
"1881","37873:191"
"1882","37885:107"
"1883","38043:54"
"1884","38053:88"
"1885","38126:33"
"1886","38126:106"
"1887","38162:125"
"1888","38214:162"
"1889","38241:206"
"1890","38302:165"
"1891","38312:208"
"1892","38312:214"
"1893","38420:135"
"1894","38479:119"
"1895","38479:159"
"1896","38523:15"
"1897","38523:43"
"1898","38523:269"
"1899","38558:47"
"1900","38558:71"
"1901","38558:151"
"1902","38558:162"
"1903","38558:184"
"1904","38603:130"
"1905","38697:55"
"1906","38804:103"
"1907","38804:139"
"1908","38804:240"
"1909","38812:270"
"1910","38918:115"
"1911","38918:117"
"1912","38918:138"
"1913","38918:152"
"1914","38918:177"
"1915","38918:193"
"1916","38920:98"
"1917","38939:41"
"1918","39003:131"
"1919","39021:181"
"1920","39021:198"
"1921","39021:199"
"1922","39063:40"
"1923","39114:94"
"1924","39114:121"
"1925","39255:170"
"1926","39255:195"
"1927","39258:35"
"1928","39306:75"
"1929","39477:35"
"1930","39504:238"
"1931","39547:154"
"1932","39557:145"
"1933","39649:163"
"1934","39650:27"
"1935","39650:78"
"1936","39650:101"
"1937","39650:106"
"1938","39650:189"
"1939","39689:16"
"1940","39691:70"
"1941","39753:128"
"1942","39821:168"
"1943","39868:149"
"1944","39868:190"
"1945","39894:5"
"1946","39909:30"
"1947","39909:179"
"1948","39943:52"
"1949","39960:83"
"1950","39960:88"
"1951","39960:104"
"1952","39960:191"
"1953","39960:192"
"1954","39960:196"
"1955","39960:197"
"1956","40104:69"
"1957","40150:32"
"1958","40199:11"
"1959","40199:58"
"1960","40199:95"
"1961","40199:118"
"1962","40199:124"
"1963","40264:163"
"1964","40290:38"
"1965","40290:64"
"1966","40290:231"
"1967","40333:169"
"1968","40409:50"
"1969","40409:157"
"1970","40438:125"
"1971","40456:150"
"1972","40456:216"
"1973","40584:108"
"1974","40584:132"
"1975","40714:154"
"1976","40722:164"
"1977","40722:176"
"1978","40750:132"
"1979","40760:80"
"1980","40760:188"
"1981","40796:39"
"1982","40813:98"
"1983","40817:26"
"1984","40892:204"
"1985","40907:123"
"1986","40907:159"
"1987","40917:26"
"1988","40917:63"
"1989","40917:152"
"1990","40917:154"
"1991","40917:160"
"1992","40942:15"
"1993","40942:166"
"1994","40953:180"
"1995","40953:192"
"1996","41000:75"
"1997","41000:158"
"1998","41109:44"
"1999","41150:94"
"2000","41183:67"
"2001","41185:238"
"2002","41196:181"
"2003","41235:17"
"2004","41235:61"
"2005","41254:14"
"2006","41254:116"
"2007","41254:168"
"2008","41292:46"
"2009","41397:34"
"2010","41397:186"
"2011","41460:81"
"2012","41460:130"
"2013","41504:156"
"2014","41516:90"
"2015","41535:268"
"2016","41535:275"
"2017","41535:329"
"2018","41535:335"
"2019","41535:337"
"2020","41573:39"
"2021","41573:57"
"2022","41573:99"
"2023","41573:125"
"2024","41640:125"
"2025","41681:21"
"2026","41718:16"
"2027","41718:17"
"2028","41741:9"
"2029","41741:25"
"2030","41748:71"
"2031","41748:158"
"2032","41748:181"
"2033","41748:227"
"2034","41755:34"
"2035","41755:168"
"2036","41802:70"
"2037","41802:86"
"2038","41802:165"
"2039","41931:208"
"2040","42027:62"
"2041","42027:97"
"2042","42027:100"
"2043","42027:112"
"2044","42031:195"
"2045","42115:30"
"2046","42115:33"
"2047","42115:42"
"2048","42115:72"
"2049","42161:125"
"2050","42168:86"
"2051","42168:173"
"2052","42281:40"
"2053","42281:81"
"2054","42333:226"
"2055","42336:121"
"2056","42336:155"
"2057","42336:156"
"2058","42336:172"
"2059","42431:190"
"2060","42466:111"
"2061","42527:99"
"2062","42530:181"
"2063","42530:203"
"2064","42530:221"
"2065","42574:122"
"2066","42574:186"
"2067","42727:255"
"2068","42760:87"
"2069","42760:128"
"2070","42821:61"
"2071","42839:93"
"2072","42940:106"
"2073","42951:192"
"2074","43061:144"
"2075","43064:68"
"2076","43330:105"
"2077","43409:102"
"2078","43536:181"
"2079","43625:109"
"2080","43657:214"
"2081","43744:48"
"2082","43744:175"
"2083","43784:262"
"2084","43789:36"
"2085","43807:5"
"2086","43807:164"
"2087","43807:177"
"2088","43841:129"
"2089","43927:90"
"2090","44011:77"
"2091","44071:129"
"2092","44084:16"
"2093","44142:93"
"2094","44142:130"
"2095","44201:26"
"2096","44201:122"
"2097","44201:184"
"2098","44245:154"
"2099","44261:157"
"2100","44261:161"
"2101","44261:208"
"2102","44261:209"
"2103","44261:210"
"2104","44261:217"
"2105","44261:218"
"2106","44377:101"
"2107","44377:130"
"2108","44415:46"
"2109","44453:238"
"2110","44495:171"
"2111","44518:207"
"2112","44593:74"
"2113","44609:91"
"2114","44609:176"
"2115","44609:247"
"2116","44647:147"
"2117","44647:235"
"2118","44647:236"
"2119","44683:53"
"2120","44728:156"
"2121","44914:89"
"2122","44922:29"
"2123","44922:131"
"2124","44992:100"
"2125","44992:116"
"2126","44992:142"
"2127","45013:8"
"2128","45067:60"
"2129","45100:189"
"2130","45153:146"
"2131","45260:61"
"2132","45260:66"
"2133","45285:229"
"2134","45323:20"
"2135","45385:106"
"2136","45416:197"
"2137","45457:14"
"2138","45479:105"
"2139","45479:142"
"2140","45479:166"
"2141","45479:191"
"2142","45498:39"
"2143","45516:82"
"2144","45516:182"
"2145","45516:185"
"2146","45570:59"
"2147","45570:128"
"2148","45570:131"
"2149","45592:85"
"2150","45592:99"
"2151","45592:200"
"2152","45604:17"
"2153","45604:32"
"2154","45604:42"
"2155","45604:213"
"2156","45604:228"
"2157","45620:6"
"2158","45620:13"
"2159","45620:48"
"2160","45620:98"
"2161","45712:26"
"2162","45728:21"
"2163","45728:32"
"2164","45728:52"
"2165","45728:133"
"2166","45729:147"
"2167","45739:143"
"2168","45834:105"
"2169","45834:190"
"2170","45834:202"
"2171","45881:161"
"2172","45930:99"
"2173","45942:145"
"2174","45956:16"
"2175","45956:81"
"2176","45972:70"
"2177","45972:180"
"2178","45987:142"
"2179","45987:260"
"2180","46003:183"
"2181","46035:74"
"2182","46052:97"
"2183","46052:117"
"2184","46127:57"
"2185","46127:153"
"2186","46143:41"
"2187","46143:56"
"2188","46143:87"
"2189","46143:140"
"2190","46143:149"
"2191","46151:9"
"2192","46151:123"
"2193","46205:30"
"2194","46257:101"
"2195","46270:121"
"2196","46356:146"
"2197","46409:194"
"2198","46518:24"
"2199","46518:40"
"2200","46518:119"
"2201","46523:115"
"2202","46523:150"
"2203","46762:44"
"2204","46779:82"
"2205","46779:107"
"2206","46808:88"
"2207","46814:114"
"2208","46830:89"
"2209","46847:195"
"2210","46847:212"
"2211","46912:23"
"2212","46912:24"
"2213","46980:18"
"2214","46980:23"
"2215","46980:131"
"2216","46982:16"
"2217","47008:20"
"2218","47008:26"
"2219","47008:87"
"2220","47008:103"
"2221","47039:97"
"2222","47049:30"
"2223","47068:40"
"2224","47068:70"
"2225","47068:92"
"2226","47068:93"
"2227","47068:94"
"2228","47068:162"
"2229","47193:240"
"2230","47228:159"
"2231","47228:184"
"2232","47228:185"
"2233","47228:186"
"2234","47228:205"
"2235","47228:220"
"2236","47230:9"
"2237","47261:153"
"2238","47287:60"
"2239","47316:174"
"2240","47335:23"
"2241","47335:107"
"2242","47342:10"
"2243","47342:49"
"2244","47342:162"
"2245","47359:92"
"2246","47359:242"
"2247","47405:50"
"2248","47441:159"
"2249","47441:202"
"2250","47441:211"
"2251","47483:42"
"2252","47483:137"
"2253","47483:226"
"2254","47513:63"
"2255","47551:95"
"2256","47551:96"
"2257","47551:130"
"2258","47597:60"
"2259","47613:62"
"2260","47621:84"
"2261","47632:96"
"2262","47732:131"
"2263","47778:31"
"2264","47778:51"
"2265","47778:121"
"2266","47778:139"
"2267","47778:179"
"2268","47806:166"
"2269","47811:144"
"2270","47820:116"
"2271","47820:133"
"2272","47820:170"
"2273","47820:205"
"2274","47830:21"
"2275","47830:89"
"2276","47830:172"
"2277","47856:7"
"2278","47886:168"
"2279","47886:246"
"2280","47900:36"
"2281","47900:96"
"2282","47900:117"
"2283","47916:9"
"2284","47921:166"
"2285","47963:146"
"2286","47963:171"
"2287","47993:43"
"2288","48020:27"
"2289","48030:56"
"2290","48099:95"
"2291","48115:24"
"2292","48115:153"
"2293","48115:161"
"2294","48115:165"
"2295","48115:166"
"2296","48115:169"
"2297","48115:170"
"2298","48115:172"
"2299","48115:173"
"2300","48115:179"
"2301","48124:42"
"2302","48162:50"
"2303","48181:154"
"2304","48187:147"
"2305","48209:117"
"2306","48252:111"
"2307","48252:119"
"2308","48359:9"
"2309","48359:43"
"2310","48359:47"
"2311","48359:94"
"2312","48359:111"
"2313","48374:151"
"2314","48397:153"
"2315","48411:29"
"2316","48412:152"
"2317","48412:193"
"2318","48423:118"
"2319","48445:29"
"2320","48493:175"
"2321","48519:117"
"2322","48519:156"
"2323","48519:168"
"2324","48528:12"
"2325","48528:142"
"2326","48528:154"
"2327","48528:156"
"2328","48789:34"
"2329","48789:44"
"2330","48839:60"
"2331","48839:137"
"2332","48839:193"
"2333","48839:196"
"2334","48930:13"
"2335","48930:75"
"2336","48930:86"
"2337","48955:242"
"2338","48998:47"
"2339","48998:191"
"2340","48998:207"
"2341","49081:45"
"2342","49099:127"
"2343","49101:113"
"2344","49101:163"
"2345","49101:177"
"2346","49101:197"
"2347","49101:244"
"2348","49124:153"
"2349","49213:68"
"2350","49213:191"
"2351","49214:98"
"2352","49271:193"
"2353","49271:297"
"2354","49327:80"
"2355","49327:91"
"2356","49334:156"
"2357","49344:31"
"2358","49369:52"
"2359","49373:204"
"2360","49417:87"
"2361","49430:81"
"2362","49430:157"
"2363","49430:161"
"2364","49430:172"
"2365","49430:181"
"2366","49430:211"
"2367","49537:85"
"2368","49626:85"
"2369","49688:44"
"2370","49712:117"
"2371","49712:137"
"2372","49713:189"
"2373","49732:117"
"2374","49775:52"
"2375","49775:177"
"2376","49801:210"
"2377","49826:33"
"2378","49835:18"
"2379","49835:24"
"2380","49835:117"
"2381","49895:34"
"2382","49895:91"
"2383","49914:148"
"2384","49941:97"
"2385","49941:98"
"2386","49959:24"
"2387","49959:63"
"2388","49959:64"
"2389","49959:76"
"2390","49959:125"
"2391","49959:148"
"2392","50131:142"
"2393","50131:189"
"2394","50189:154"
"2395","50242:135"
"2396","50249:39"
"2397","50274:40"
"2398","50274:170"
"2399","50288:71"
"2400","50327:111"
"2401","50368:172"
"2402","50415:126"
"2403","50415:165"
"2404","50415:181"
"2405","50454:114"
"2406","50486:151"
"2407","50579:89"
"2408","50583:102"
"2409","50591:15"
"2410","50627:147"
"2411","50637:20"
"2412","50637:24"
"2413","50698:165"
"2414","50732:80"
"2415","50732:119"
"2416","50743:71"
"2417","50782:92"
"2418","50822:12"
"2419","50840:106"
"2420","50840:110"
"2421","50840:112"
"2422","50875:83"
"2423","50912:136"
"2424","50912:175"
"2425","50925:172"
"2426","50941:135"
"2427","50953:59"
"2428","50956:135"
"2429","50956:136"
"2430","51029:236"
"2431","51045:37"
"2432","51115:67"
"2433","51115:137"
"2434","51133:46"
"2435","51195:171"
"2436","51205:24"
"2437","51229:118"
"2438","51232:167"
"2439","51249:75"
"2440","51365:88"
"2441","51365:154"
"2442","51384:93"
"2443","51384:197"
"2444","51395:106"
"2445","51440:166"
"2446","51440:282"
"2447","51447:146"
"2448","51447:192"
"2449","51453:191"
"2450","51492:165"
"2451","51518:84"
"2452","51562:135"
"2453","51666:45"
"2454","51742:130"
"2455","51742:175"
"2456","51845:209"
"2457","51847:42"
"2458","51847:68"
"2459","51910:109"
"2460","51910:213"
"2461","51910:227"
"2462","51913:76"
"2463","51913:140"
"2464","51970:16"
"2465","51970:24"
"2466","51983:170"
"2467","52016:105"
"2468","52183:32"
"2469","52185:80"
"2470","52395:124"
"2471","52409:41"
"2472","52410:210"
"2473","52413:27"
"2474","52419:94"
"2475","52476:226"
"2476","52480:63"
"2477","52480:171"
"2478","52552:77"
"2479","52560:22"
"2480","52560:30"
"2481","52560:119"
"2482","52560:191"
"2483","52560:193"
"2484","52573:74"
"2485","52573:115"
"2486","52573:129"
"2487","52603:175"
"2488","52606:93"
"2489","52606:101"
"2490","52650:101"
"2491","52650:117"
"2492","52650:147"
"2493","52650:150"
"2494","52650:152"
"2495","52650:210"
"2496","52708:59"
"2497","52708:136"
"2498","52728:85"
"2499","52737:97"
"2500","52737:142"
"2501","52737:146"
"2502","52740:213"
"2503","52756:92"
"2504","52756:229"
"2505","52783:113"
"2506","52844:252"
"2507","52852:70"
"2508","52852:132"
"2509","52871:31"
"2510","52906:25"
"2511","52906:26"
"2512","52906:89"
"2513","52906:94"
"2514","52906:146"
"2515","52906:152"
"2516","52906:164"
"2517","52906:165"
"2518","52906:182"
"2519","52906:203"
"2520","52974:79"
"2521","52974:118"
"2522","52974:134"
"2523","52977:91"
"2524","52977:92"
"2525","52977:105"
"2526","52977:176"
"2527","52978:179"
"2528","52978:182"
"2529","53006:19"
"2530","53006:60"
"2531","53006:116"
"2532","53006:123"
"2533","53006:124"
"2534","53006:147"
"2535","53058:34"
"2536","53060:151"
"2537","53104:89"
"2538","53129:72"
"2539","53129:93"
"2540","53139:101"
"2541","53154:86"
"2542","53161:156"
"2543","53191:190"
"2544","53238:67"
"2545","53337:126"
"2546","53337:139"
"2547","53352:39"
"2548","53355:9"
"2549","53355:23"
"2550","53355:165"
"2551","53380:56"
"2552","53380:58"
"2553","53423:91"
"2554","53458:120"
"2555","53469:10"
"2556","53469:130"
"2557","53517:104"
"2558","53573:193"
"2559","53600:153"
"2560","53634:24"
"2561","53634:35"
"2562","53679:247"
"2563","53730:168"
"2564","53754:37"
"2565","53754:64"
"2566","53822:160"
"2567","53827:185"
"2568","53919:84"
"2569","53919:106"
"2570","53919:166"
"2571","53919:243"
"2572","53947:195"
"2573","53973:19"
"2574","53974:83"
"2575","54040:202"
"2576","54045:242"
"2577","54177:139"
"2578","54207:56"
"2579","54207:224"
"2580","54209:28"
"2581","54209:151"
"2582","54235:220"
"2583","54256:46"
"2584","54256:64"
"2585","54445:158"
"2586","54497:171"
"2587","54516:27"
"2588","54525:199"
"2589","54556:91"
"2590","54556:150"
"2591","54583:131"
"2592","54674:166"
"2593","54674:174"
"2594","54674:180"
"2595","54674:234"
"2596","54738:167"
"2597","54799:53"
"2598","54883:44"
"2599","54883:150"
"2600","54901:75"
"2601","54901:123"
"2602","54901:131"
"2603","54913:79"
"2604","55142:19"
"2605","55149:105"
"2606","55149:143"
"2607","55151:7"
"2608","55184:79"
"2609","55184:89"
"2610","55267:135"
"2611","55294:73"
"2612","55294:115"
"2613","55319:146"
"2614","55319:179"
"2615","55325:194"
"2616","55325:267"
"2617","55468:83"
"2618","55468:108"
"2619","55507:194"
"2620","55525:183"
"2621","55525:209"
"2622","55646:11"
"2623","55646:18"
"2624","55666:24"
"2625","55666:75"
"2626","55704:90"
"2627","55719:76"
"2628","55719:117"
"2629","55732:119"
"2630","55876:11"
"2631","55876:45"
"2632","55876:46"
"2633","55876:74"
"2634","55876:122"
"2635","55876:134"
"2636","55876:150"
"2637","55876:156"
"2638","55895:184"
"2639","55923:199"
"2640","56013:156"
"2641","56021:106"
"2642","56026:65"
"2643","56034:145"
"2644","56034:202"
"2645","56034:224"
"2646","56091:154"
"2647","56091:155"
"2648","56130:98"
"2649","56130:210"
"2650","56144:111"
"2651","56177:38"
"2652","56199:177"
"2653","56251:159"
"2654","56272:42"
"2655","56289:38"
"2656","56289:45"
"2657","56377:233"
"2658","56407:103"
"2659","56407:200"
"2660","56484:188"
"2661","56490:70"
"2662","56490:75"
"2663","56506:38"
"2664","56544:185"
"2665","56579:14"
"2666","56583:242"
"2667","56590:167"
"2668","56621:6"
"2669","56653:23"
"2670","56658:132"
"2671","56683:85"
"2672","56703:123"
"2673","56703:189"
"2674","56795:140"
"2675","56806:164"
"2676","56806:202"
"2677","56930:10"
"2678","56930:135"
"2679","56930:206"
"2680","56932:79"
"2681","56932:130"
"2682","57001:104"
"2683","57003:150"
"2684","57210:102"
"2685","57210:165"
"2686","57291:113"
"2687","57364:66"
"2688","57364:192"
"2689","57372:100"
"2690","57480:119"
"2691","57512:140"
"2692","57554:60"
"2693","57554:72"
"2694","57554:115"
"2695","57554:117"
"2696","57555:36"
"2697","57555:89"
"2698","57565:86"
"2699","57565:141"
"2700","57568:165"
"2701","57678:118"
"2702","57679:48"
"2703","57860:119"
"2704","57860:198"
"2705","57864:176"
"2706","57879:20"
"2707","57879:34"
"2708","57905:85"
"2709","57905:87"
"2710","57905:99"
"2711","57905:224"
"2712","57926:105"
"2713","57986:35"
"2714","57986:114"
"2715","57986:141"
"2716","57986:156"
"2717","57986:183"
"2718","57991:129"
"2719","58053:86"
"2720","58053:88"
"2721","58126:21"
"2722","58126:153"
"2723","58172:141"
"2724","58225:81"
"2725","58303:33"
"2726","58303:59"
"2727","58310:155"
"2728","58350:58"
"2729","58416:90"
"2730","58416:143"
"2731","58428:83"
"2732","58664:176"
"2733","58723:216"
"2734","58795:11"
"2735","58828:9"
"2736","58828:11"
"2737","58828:48"
"2738","58828:99"
"2739","58828:140"
"2740","58853:30"
"2741","58879:7"
"2742","58879:13"
"2743","58879:22"
"2744","58879:25"
"2745","58879:43"
"2746","58879:142"
"2747","58879:177"
"2748","58889:159"
"2749","58922:83"
"2750","58928:27"
"2751","58928:81"
"2752","58971:185"
"2753","58980:157"
"2754","59028:119"
"2755","59028:145"
"2756","59045:65"
"2757","59045:68"
"2758","59058:205"
"2759","59072:43"
"2760","59079:205"
"2761","59119:23"
"2762","59119:25"
"2763","59119:64"
"2764","59119:83"
"2765","59119:156"
"2766","59132:194"
"2767","59148:36"
"2768","59148:71"
"2769","59227:182"
"2770","59227:184"
"2771","59227:200"
"2772","59237:110"
"2773","59259:22"
"2774","59259:24"
"2775","59259:209"
"2776","59294:130"
"2777","59294:159"
"2778","59365:194"
"2779","59391:125"
"2780","59411:11"
"2781","59411:29"
"2782","59416:94"
"2783","59423:91"
"2784","59423:146"
"2785","59423:165"
"2786","59440:130"
"2787","59444:133"
"2788","59448:13"
"2789","59462:205"
"2790","59486:46"
"2791","59508:124"
"2792","59508:160"
"2793","59508:169"
"2794","59590:221"
"2795","59684:163"
"2796","59746:18"
"2797","59765:85"
"2798","59765:120"
"2799","59785:31"
"2800","59785:33"
"2801","59823:23"
"2802","59823:113"
"2803","59823:132"
"2804","59823:152"
"2805","59886:63"
"2806","59886:86"
"2807","59925:27"
"2808","59925:233"
"2809","59969:91"
"2810","59969:126"
"2811","59969:129"
"2812","59974:52"
"2813","59974:118"
"2814","59974:238"
"2815","59986:55"
"2816","59986:102"
"2817","59986:141"
"2818","59986:208"
"2819","59992:168"
"2820","59992:172"
"2821","60005:91"
"2822","60007:140"
"2823","60007:145"
"2824","60007:151"
"2825","60033:112"
"2826","60126:112"
"2827","60126:156"
"2828","60131:105"
"2829","60131:106"
"2830","60131:153"
"2831","60131:171"
"2832","60155:119"
"2833","60175:28"
"2834","60220:33"
"2835","60220:54"
"2836","60257:35"
"2837","60272:162"
"2838","60272:202"
"2839","60273:46"
"2840","60331:30"
"2841","60355:194"
"2842","60388:122"
"2843","60475:53"
"2844","60475:75"
"2845","60475:84"
"2846","60475:119"
"2847","60475:146"
"2848","60495:176"
"2849","60495:179"
"2850","60495:180"
"2851","60515:208"
"2852","60515:216"
"2853","60515:234"
"2854","60540:22"
"2855","60671:175"
"2856","60671:206"
"2857","60702:46"
"2858","60702:85"
"2859","60795:16"
"2860","60795:57"
"2861","60795:71"
"2862","60795:75"
"2863","60795:81"
"2864","60795:105"
"2865","60818:76"
"2866","60877:259"
"2867","60948:142"
"2868","60969:186"
"2869","61043:28"
"2870","61051:96"
"2871","61051:120"
"2872","61148:113"
"2873","61328:22"
"2874","61328:27"
"2875","61328:130"
"2876","61373:147"
"2877","61373:201"
"2878","61413:52"
"2879","61413:176"
"2880","61414:41"
"2881","61414:145"
"2882","61414:147"
"2883","61453:120"
"2884","61453:141"
"2885","61453:170"
"2886","61456:23"
"2887","61456:164"
"2888","61714:186"
"2889","61753:183"
"2890","61836:63"
"2891","61851:99"
"2892","61883:252"
"2893","61967:91"
"2894","61996:83"
"2895","61996:153"
"2896","62104:215"
"2897","62192:114"
"2898","62204:147"
"2899","62233:157"
"2900","62233:165"
"2901","62260:25"
"2902","62260:29"
"2903","62260:43"
"2904","62260:74"
"2905","62260:80"
"2906","62264:168"
"2907","62465:62"
"2908","62465:83"
"2909","62483:40"
"2910","62536:167"
"2911","62596:257"
"2912","62621:47"
"2913","62652:169"
"2914","62695:206"
"2915","62764:297"
"2916","62805:34"
"2917","62848:52"
"2918","62848:63"
"2919","62848:172"
"2920","62865:20"
"2921","62865:22"
"2922","62865:43"
"2923","62865:48"
"2924","62914:125"
"2925","62923:19"
"2926","62923:148"
"2927","62923:174"
"2928","62995:81"
"2929","63016:145"
"2930","63024:172"
"2931","63074:64"
"2932","63094:75"
"2933","63094:153"
"2934","63140:22"
"2935","63140:139"
"2936","63140:173"
"2937","63185:113"
"2938","63185:132"
"2939","63185:169"
"2940","63210:55"
"2941","63299:112"
"2942","63387:154"
"2943","63445:91"
"2944","63445:97"
"2945","63445:121"
"2946","63445:139"
"2947","63742:86"
"2948","63782:25"
"2949","63784:197"
"2950","63819:62"
"2951","63819:197"
"2952","63819:198"
"2953","63819:204"
"2954","63841:191"
"2955","63931:8"
"2956","63936:207"
"2957","63977:7"
"2958","63977:67"
"2959","64021:54"
"2960","64061:47"
"2961","64119:193"
"2962","64168:47"
"2963","64179:157"
"2964","64304:208"
"2965","64304:242"
"2966","64312:209"
"2967","64312:224"
"2968","64384:240"
"2969","64401:61"
"2970","64489:86"
"2971","64525:145"
"2972","64525:163"
"2973","64569:88"
"2974","64729:194"
"2975","64732:38"
"2976","64732:40"
"2977","64760:44"
"2978","64766:62"
"2979","64775:215"
"2980","64785:6"
"2981","64809:37"
"2982","64809:50"
"2983","64809:56"
"2984","64848:103"
"2985","64848:135"
"2986","64848:158"
"2987","64848:176"
"2988","64905:101"
"2989","64905:132"
"2990","64989:64"
"2991","64997:168"
"2992","65068:37"
"2993","65068:111"
"2994","65068:138"
"2995","65068:146"
"2996","65068:176"
"2997","65068:180"
"2998","65138:186"
"2999","65138:190"
"3000","65140:121"
"3001","65145:194"
"3002","65179:15"
"3003","65179:30"
"3004","65179:41"
"3005","65211:150"
"3006","65261:83"
"3007","65261:90"
"3008","65261:116"
"3009","65279:62"
"3010","65279:152"
"3011","65314:182"
"3012","65349:107"
"3013","65354:140"
"3014","65354:182"
"3015","65364:162"
"3016","65364:182"
"3017","65364:184"
"3018","65386:56"
"3019","65386:78"
"3020","65386:133"
"3021","65410:114"
"3022","65410:143"
"3023","65410:147"
"3024","65410:191"
"3025","65410:202"
"3026","65410:206"
"3027","65410:208"
"3028","65472:110"
"3029","65534:191"
"3030","65805:9"
"3031","65809:91"
"3032","65822:156"
"3033","65822:228"
"3034","65868:33"
"3035","65904:11"
"3036","65904:183"
"3037","65972:15"
"3038","65972:111"
"3039","66070:151"
"3040","66070:177"
"3041","66106:23"
"3042","66106:70"
"3043","66106:84"
"3044","66106:151"
"3045","66125:22"
"3046","66125:46"
"3047","66125:87"
"3048","66125:99"
"3049","66125:160"
"3050","66125:193"
"3051","66125:203"
"3052","66203:249"
"3053","66210:75"
"3054","66210:138"
"3055","66244:245"
"3056","66257:156"
"3057","66361:87"
"3058","66361:187"
"3059","66453:53"
"3060","66453:131"
"3061","66487:61"
"3062","66610:84"
"3063","66610:150"
"3064","66645:61"
"3065","66790:74"
"3066","66843:146"
"3067","66849:6"
"3068","66849:227"
"3069","66921:132"
"3070","66921:202"
"3071","66927:56"
"3072","66974:116"
"3073","67050:148"
"3074","67124:193"
"3075","67152:201"
"3076","67171:171"
"3077","67183:136"
"3078","67227:91"
"3079","67272:221"
"3080","67334:155"
"3081","67379:30"
"3082","67379:186"
"3083","67383:31"
"3084","67383:44"
"3085","67383:133"
"3086","67383:160"
"3087","67387:154"
"3088","67408:34"
"3089","67437:248"
"3090","67482:136"
"3091","67510:129"
"3092","67598:61"
"3093","67598:165"
"3094","67870:201"
"3095","67930:176"
"3096","67993:21"
"3097","67993:78"
"3098","67993:80"
"3099","67993:141"
"3100","68124:151"
"3101","68149:209"
"3102","68200:245"
"3103","68235:129"
"3104","68235:165"
"3105","68238:234"
"3106","68267:210"
"3107","68306:93"
"3108","68388:192"
"3109","68388:196"
"3110","68388:207"
"3111","68426:129"
"3112","68658:50"
"3113","68709:36"
"3114","68717:107"
"3115","68717:111"
"3116","68755:156"
"3117","68794:210"
"3118","68805:70"
"3119","68921:102"
"3120","68980:206"
"3121","69010:36"
"3122","69038:179"
"3123","69040:86"
"3124","69082:239"
"3125","69129:28"
"3126","69199:21"
"3127","69204:194"
"3128","69309:224"
"3129","69318:32"
"3130","69318:61"
"3131","69318:103"
"3132","69341:10"
"3133","69349:45"
"3134","69349:117"
"3135","69422:100"
"3136","69422:188"
"3137","69457:153"
"3138","69544:28"
"3139","69544:52"
"3140","69544:54"
"3141","69544:204"
"3142","69628:101"
"3143","69663:19"
"3144","69663:51"
"3145","69663:124"
"3146","69663:162"
"3147","69676:41"
"3148","69678:118"
"3149","69684:168"
"3150","69684:169"
"3151","69903:239"
"3152","69942:104"
"3153","69971:73"
"3154","70132:43"
"3155","70138:91"
"3156","70251:205"
"3157","70383:186"
"3158","70456:68"
"3159","70609:23"
"3160","70609:106"
"3161","70649:47"
"3162","70649:105"
"3163","70650:228"
"3164","70850:25"
"3165","70856:206"
"3166","70976:146"
"3167","70976:195"
"3168","71104:179"
"3169","71112:122"
"3170","71333:21"
"3171","71333:61"
"3172","71333:75"
"3173","71333:106"
"3174","71333:152"
"3175","71333:183"
"3176","71428:87"
"3177","71428:99"
"3178","71428:126"
"3179","71435:6"
"3180","71435:29"
"3181","71435:81"
"3182","71435:184"
"3183","71463:122"
"3184","71465:164"
"3185","71520:58"
"3186","71523:171"
"3187","71659:137"
"3188","71659:189"
"3189","71659:206"
"3190","71701:139"
"3191","71701:153"
"3192","71766:88"
"3193","71847:198"
"3194","71847:199"
"3195","71847:204"
"3196","71941:100"
"3197","71941:119"
"3198","71941:139"
"3199","71941:160"
"3200","71946:19"
"3201","72257:220"
"3202","72493:208"
"3203","72588:181"
"3204","72595:27"
"3205","72595:85"
"3206","72595:86"
"3207","72769:172"
"3208","72769:182"
"3209","72866:159"
"3210","73127:66"
"3211","73181:238"
"3212","73281:45"
"3213","73281:115"
"3214","73281:135"
"3215","73281:171"
"3216","73306:200"
"3217","73346:219"
"3218","73443:161"
"3219","73475:140"
"3220","73613:143"
"3221","73613:145"
"3222","73617:72"
"3223","73652:200"
"3224","73697:119"
"3225","73768:228"
"3226","73807:15"
"3227","73807:47"
"3228","73957:168"
"3229","74312:137"
"3230","74312:144"
"3231","74336:46"
"3232","74370:45"
"3233","74370:107"
"3234","74370:149"
"3235","74370:160"
"3236","74370:162"
"3237","74370:177"
"3238","74370:201"
"3239","74370:203"
"3240","74370:210"
"3241","74370:211"
"3242","74393:185"
"3243","74530:197"
"3244","74541:5"
"3245","74541:6"
"3246","74541:9"
"3247","74541:119"
"3248","74541:166"
"3249","74541:170"
"3250","74685:171"
"3251","74701:77"
"3252","74710:96"
"3253","74860:42"
"3254","74860:43"
"3255","74860:94"
"3256","74959:52"
"3257","74959:155"
"3258","74989:193"
"3259","74989:217"
"3260","75007:67"
"3261","75007:101"
"3262","75015:109"
"3263","75089:115"
"3264","75232:82"
"3265","75245:44"
"3266","75264:114"
"3267","75274:18"
"3268","75274:21"
"3269","75274:46"
"3270","75274:56"
"3271","75297:168"
"3272","75450:66"
"3273","75450:110"
"3274","75450:112"
"3275","75546:268"
"3276","75675:208"
"3277","75752:6"
"3278","75752:50"
"3279","75752:118"
"3280","75752:137"
"3281","75752:160"
"3282","75752:230"
"3283","75754:95"
"3284","75760:197"
"3285","75841:39"
"3286","75892:161"
"3287","75970:239"
"3288","76015:203"
"3289","76015:209"
"3290","76280:198"
"3291","76443:154"
"3292","76481:92"
"3293","76481:150"
"3294","76481:157"
"3295","76481:172"
"3296","76539:150"
"3297","76539:199"
"3298","76552:115"
"3299","76622:216"
"3300","76643:225"
"3301","76652:101"
"3302","76652:183"
"3303","76726:151"
"3304","76726:203"
"3305","76791:61"
"3306","76841:168"
"3307","76955:120"
"3308","76976:207"
"3309","76979:5"
"3310","76979:31"
"3311","77134:133"
"3312","77238:62"
"3313","77258:97"
"3314","77338:148"
"3315","77338:190"
"3316","77435:30"
"3317","77435:213"
"3318","77461:152"
"3319","77596:166"
"3320","77596:251"
"3321","77644:72"
"3322","77644:141"
"3323","77657:232"
"3324","77658:242"
"3325","77776:55"
"3326","77776:76"
"3327","77932:66"
"3328","77932:84"
"3329","77953:122"
"3330","77980:99"
"3331","77980:121"
"3332","78046:27"
"3333","78046:118"
"3334","78046:150"
"3335","78114:161"
"3336","78158:31"
"3337","78158:101"
"3338","78158:150"
"3339","78163:135"
"3340","78163:172"
"3341","78179:212"
"3342","78232:36"
"3343","78232:166"
"3344","78259:150"
"3345","78293:121"
"3346","78293:154"
"3347","78881:51"
"3348","80403:126"
"3349","81070:141"
"3350","82777:144"
"3351","82777:161"
"3352","83639:25"
"3353","83639:112"
"3354","84967:200"
"3355","85395:161"
"3356","86061:15"
"3357","86061:38"
"3358","86061:52"
"3359","86061:134"
"3360","86061:138"
"3361","86450:50"
"3362","86450:91"
"3363","86450:153"
"3364","86912:37"
"3365","87297:176"
"3366","87993:8"
"3367","87993:20"
"3368","89753:52"
"3369","89753:100"
"3370","89753:123"
"3371","89753:159"
"3372","89753:185"
"3373","90778:71"
"3374","90778:218"
"3375","90869:197"
"3376","91316:138"
"3377","91619:55"
"3378","91690:7"
"3379","91690:34"
"3380","91690:138"
"3381","91690:172"
"3382","91911:19"
"3383","92115:98"
"3384","92610:21"
"3385","93053:19"
"3386","93053:79"
"3387","93053:106"
"3388","94391:73"
"3389","94391:79"
"3390","94391:99"
"3391","94391:130"
"3392","94391:137"
"3393","94596:29"
"3394","94596:134"
"3395","94596:195"
"3396","94823:49"
"3397","95712:50"
"3398","95712:93"
"3399","95712:94"
"3400","96004:80"
"3401","96004:99"
"3402","96004:159"
"3403","96469:16"
"3404","99356:43"
"3405","103395:196"
"3406","103395:223"
"3407","115328:117"
"3408","115328:139"
"3409","125946:126"
"3410","125946:140"
"3411","125946:141"
"3412","125946:168"
"3413","125946:181"
"3414","125946:221"
"3415","139345:97"
"3416","139345:114"
"3417","139548:5"
"3418","139548:14"
"3419","139548:94"
"3420","140858:18"
"3421","140858:30"
"3422","150779:38"
"3423","150791:111"
"3424","209010:137"
"3425","216797:11"
"3426","216797:105"
"3427","216797:149"
"3428","216797:154"
"3429","230512:137"
"3430","273083:56"
"3431","273083:80"
"3432","273083:83"
"3433","273083:97"
"3434","278378:178"
"3435","314261:15"
"3436","314261:47"
"3437","314261:114"
"3438","314261:139"
"3439","314261:153"
"3440","328682:196"
"3441","332039:80"
"3442","332827:28"
"3443","334600:58"
"3444","334600:89"
"3445","334619:133"
"3446","335112:159"
"3447","335335:109"
"3448","335335:111"
"3449","335384:12"
"3450","342506:61"
"3451","342506:119"
"3452","342506:138"
"3453","363930:95"
"3454","369567:143"
"3455","375372:134"
"3456","378990:57"
"3457","378990:119"
"3458","378990:158"
"3459","380657:19"
"3460","380921:177"
"3461","380921:198"
"3462","380921:211"
"3463","392011:76"
"3464","393122:174"
"3465","394695:85"
"3466","399489:34"
"3467","399489:158"
"3468","406832:13"
"3469","410261:50"
"3470","417505:109"
"3471","421944:161"
"3472","430464:25"
"3473","432123:7"
"3474","432123:99"
"3475","432123:153"
"3476","440013:9"
"3477","446272:120"
"3478","460488:134"
"3479","467310:139"
"3480","467310:167"
"3481","474036:101"
"3482","474224:43"
"3483","474224:118"
"3484","474224:119"
"3485","475072:112"
"3486","482148:188"
"3487","482148:191"
"3488","486218:35"
"3489","492590:110"
"3490","492590:157"
"3491","492590:158"
"3492","494792:190"
"3493","494936:47"
"3494","494995:173"
"3495","501180:63"
"3496","501666:10"
"3497","503337:64"
"3498","503337:89"
"3499","503337:98"
"3500","503337:110"
"3501","526228:143"
"3502","529166:7"
"3503","529166:95"
"3504","552929:67"
"3505","554542:148"
"3506","557202:22"
"3507","557488:96"
"3508","557596:33"
"3509","557596:97"
"3510","557596:200"
"3511","558246:101"
"3512","558246:200"
"3513","558925:117"
"3514","558931:94"
"3515","560311:36"
"3516","560311:37"
"3517","560311:139"
"3518","562622:96"
"3519","562770:59"
"3520","562770:73"
"3521","562831:123"
"3522","563429:127"
"3523","563812:53"
"3524","563812:74"
"3525","563872:90"
"3526","563975:45"
"3527","563975:64"
"3528","564495:208"
"3529","564569:147"
"3530","575467:86"
"3531","577640:158"
"3532","577640:163"
"3533","579814:167"
"3534","581196:37"
"3535","581196:38"
"3536","581196:56"
"3537","581196:105"
"3538","582193:155"
"3539","582331:56"
"3540","582331:95"
"3541","582331:141"
"3542","582331:142"
"3543","582331:145"
"3544","582331:147"
"3545","582331:157"
"3546","582331:165"
"3547","582331:166"
"3548","582331:179"
"3549","582331:182"
"3550","582331:198"
"3551","582331:232"
"3552","582331:242"
"3553","582331:247"
"3554","584436:39"
"3555","587354:111"
"3556","587578:88"
"3557","588206:112"
"3558","588554:27"
"3559","590184:25"
"3560","590184:47"
"3561","590184:143"
"3562","590184:156"
"3563","591475:154"
"3564","592445:97"
"3565","592445:156"
"3566","593492:58"
"3567","593492:87"
"3568","593492:99"
"3569","593663:32"
"3570","593663:91"
"3571","609461:156"
"3572","609461:167"
"3573","611534:10"
"3574","611981:207"
"3575","621091:112"
"3576","621091:165"
"3577","630228:98"
"3578","630228:158"
"3579","630901:36"
"3580","631708:10"
"3581","639307:131"
"3582","641551:66"
"3583","647534:64"
"3584","647710:60"
"3585","647710:67"
"3586","647710:68"
"3587","647710:95"
"3588","650136:166"
"3589","650432:21"
"3590","650916:154"
"3591","653099:14"
"3592","653099:27"
"3593","653099:120"
"3594","664989:21"
"3595","667507:56"
"3596","667507:104"
"3597","667522:140"
"3598","667940:116"
"3599","667940:160"
"3600","667940:199"
"3601","667940:216"
"3602","667986:11"
"3603","667986:109"
"3604","667986:151"
"3605","668181:111"
"3606","668182:129"
"3607","668185:124"
"3608","668185:152"
"3609","668227:190"
"3610","668366:188"
"3611","668700:86"
"3612","668821:7"
"3613","668821:8"
"3614","668821:21"
"3615","668821:36"
"3616","668821:43"
"3617","669380:104"
"3618","673921:77"
"3619","674647:119"
"3620","676217:17"
"3621","676217:126"
"3622","677049:45"
"3623","677092:20"
"3624","683315:194"
"3625","685064:38"
"3626","685064:87"
"3627","685064:167"
"3628","685064:174"
"3629","686456:143"
"3630","688340:155"
"3631","688550:31"
"3632","688746:66"
"3633","689485:180"
"3634","689563:79"
"3635","692044:75"
"3636","692044:82"
"3637","692044:139"
"3638","692972:103"
"3639","700781:15"
"3640","700781:85"
"3641","711414:46"
"3642","712986:139"
"3643","714311:122"
"3644","714696:93"
"3645","719107:59"
"3646","719180:46"
"3647","719984:5"
"3648","720735:87"
"3649","720911:11"
"3650","720911:12"
"3651","720911:127"
"3652","721104:157"
"3653","722704:35"
"3654","726866:147"
"3655","726866:182"
"3656","727095:71"
"3657","734112:109"
"3658","734112:190"
"3659","736436:145"
"3660","736436:201"
"3661","736461:154"
"3662","737306:19"
"3663","737306:73"
"3664","737986:177"
"3665","737986:178"
"3666","738348:92"
"3667","738463:8"
"3668","738463:73"
"3669","738705:81"
"3670","739602:184"
"3671","739602:253"
"3672","739610:7"
"3673","739778:146"
"3674","739936:16"
"3675","739973:25"
"3676","739973:39"
"3677","739973:70"
"3678","739973:96"
"3679","739973:127"
"3680","740414:9"
"3681","740750:123"
"3682","740785:104"
"3683","740785:109"
"3684","740976:19"
"3685","740976:28"
"3686","740976:137"
"3687","740976:141"
"3688","740994:42"
"3689","740994:79"
"3690","740994:126"
"3691","741024:164"
"3692","741024:188"
"3693","741045:20"
"3694","741045:117"
"3695","741074:63"
"3696","741074:69"
"3697","741074:110"
"3698","741366:15"
"3699","741366:38"
"3700","741366:106"
"3701","742013:146"
"3702","742361:154"
"3703","742644:63"
"3704","742644:64"
"3705","742644:65"
"3706","742644:263"
"3707","742909:27"
"3708","742909:101"
"3709","742909:177"
"3710","743854:162"
"3711","744163:23"
"3712","744163:46"
"3713","744163:135"
"3714","744180:157"
"3715","744471:118"
"3716","744471:128"
"3717","744471:129"
"3718","744471:138"
"3719","744514:117"
"3720","744625:56"
"3721","744625:163"
"3722","745291:121"
"3723","745737:94"
"3724","745737:187"
"3725","745805:38"
"3726","747207:36"
"3727","747207:146"
"3728","756174:6"
"3729","756287:147"
"3730","756366:40"
"3731","756366:97"
"3732","756366:176"
"3733","756923:39"
"3734","756923:131"
"3735","760803:14"
"3736","760813:70"
"3737","760813:73"
"3738","761017:198"
"3739","761093:27"
"3740","762376:47"
"3741","762376:60"
"3742","762376:61"
"3743","762376:66"
"3744","762376:165"
"3745","762453:12"
"3746","762531:22"
"3747","762536:76"
"3748","762785:163"
"3749","762785:164"
"3750","764034:147"
"3751","764383:19"
"3752","766102:129"
"3753","766459:50"
"3754","766459:99"
"3755","766633:134"
"3756","766730:34"
"3757","766730:35"
"3758","766730:83"
"3759","767410:73"
"3760","768076:234"
"3761","768438:50"
"3762","768468:33"
"3763","768514:13"
"3764","775180:23"
"3765","775968:90"
"3766","775968:123"
"3767","776101:30"
"3768","776805:148"
"3769","776886:64"
"3770","776886:83"
"3771","783923:15"
"3772","783923:69"
"3773","785914:66"
"3774","786517:159"
"3775","787485:29"
"3776","787485:43"
"3777","787502:134"
"3778","787686:140"
"3779","787836:15"
"3780","787836:41"
"3781","794018:5"
"3782","803175:99"
"3783","803196:232"
"3784","803257:42"
"3785","803778:65"
"3786","805474:45"
"3787","805474:91"
"3788","806332:81"
"3789","807897:15"
"3790","808805:117"
"3791","808805:152"
"3792","808847:45"
"3793","809296:89"
"3794","809633:131"
"3795","809926:177"
"3796","809994:75"
"3797","809994:89"
"3798","811635:110"
"3799","812261:41"
"3800","816278:77"
"3801","816278:86"
"3802","817043:106"
"3803","817111:39"
"3804","817216:272"
"3805","817216:273"
"3806","817216:276"
"3807","818548:14"
"3808","818548:26"
"3809","818548:121"
"3810","818548:150"
"3811","818548:159"
"3812","819822:70"
"3813","821844:116"
"3814","829085:89"
"3815","829726:10"
"3816","829996:37"
"3817","842498:175"
"3818","844347:38"
"3819","849801:74"
"3820","849812:194"
"3821","849812:196"
"3822","852702:15"
"3823","853142:12"
"3824","853142:111"
"3825","853142:186"
"3826","853142:222"
"3827","856524:20"
"3828","856524:58"
"3829","856524:88"
"3830","858723:73"
"3831","858723:127"
"3832","858723:155"
"3833","859346:100"
"3834","859346:105"
"3835","867500:89"
"3836","872066:50"
"3837","872066:133"
"3838","872129:22"
"3839","872771:114"
"3840","872771:162"
"3841","873211:146"
"3842","874616:12"
"3843","880064:5"
"3844","880707:96"
"3845","880707:153"
"3846","881114:21"
"3847","881384:173"
"3848","881647:94"
"3849","883431:128"
"3850","884171:74"
"3851","885703:158"
"3852","888995:159"
"3853","889035:20"
"3854","889035:34"
"3855","889035:133"
"3856","891859:46"
"3857","891918:9"
"3858","892478:96"
"3859","893323:121"
"3860","894422:63"
"3861","894422:83"
"3862","894422:125"
"3863","894422:149"
"3864","903661:25"
"3865","903661:42"
"3866","913529:59"
"3867","914218:21"
"3868","914218:86"
"3869","914218:150"
"3870","914218:155"
"3871","914218:165"
"3872","914313:153"
"3873","914389:15"
"3874","914389:19"
"3875","914389:51"
"3876","914472:30"
"3877","915286:40"
"3878","918311:113"
"3879","919919:44"
"3880","920274:63"
"3881","921991:58"
"3882","921991:111"
"3883","921998:6"
"3884","922035:135"
"3885","922071:82"
"3886","922104:136"
"3887","922104:148"
"3888","923834:172"
"3889","924005:68"
"3890","924070:26"
"3891","924198:131"
"3892","924216:37"
"3893","924226:52"
"3894","924226:106"
"3895","924226:149"
"3896","926179:158"
"3897","928023:120"
"3898","928044:75"
"3899","928274:77"
"3900","928808:42"
"3901","928808:74"
"3902","928808:155"
"3903","930662:106"
"3904","931123:179"
"3905","933733:141"
"3906","934046:77"
"3907","934046:92"
"3908","934046:134"
"3909","934046:152"
"3910","934046:160"
"3911","934046:164"
"3912","934046:188"
"3913","934046:215"
"3914","934046:222"
"3915","934046:223"
"3916","934046:224"
"3917","934046:229"
"3918","934745:15"
"3919","934745:36"
"3920","934745:50"
"3921","934745:148"
"3922","934745:170"
"3923","934745:176"
"3924","934924:6"
"3925","934924:21"
"3926","935436:39"
"3927","935536:129"
"3928","935620:94"
"3929","937420:72"
"3930","937420:115"
"3931","938381:55"
"3932","938381:75"
"3933","941556:48"
"3934","942803:38"
"3935","942856:67"
"3936","943025:140"
"3937","943251:191"
"3938","943460:6"
"3939","944124:171"
"3940","945763:106"
"3941","945970:72"
"3942","945970:76"
"3943","945970:77"
"3944","946034:169"
"3945","946111:107"
"3946","946111:199"
"3947","947209:182"
"3948","948218:51"
"3949","948218:69"
"3950","948218:168"
"3951","948218:169"
"3952","948907:156"
"3953","948907:157"
"3954","948907:180"
"3955","949594:87"
"3956","950497:88"
"3957","950527:24"
"3958","950527:199"
"3959","951364:117"
"3960","951364:176"
"3961","957000:91"
"3962","957386:64"
"3963","957386:98"
"3964","957386:99"
"3965","958510:51"
"3966","958568:82"
"3967","958568:96"
"3968","959184:69"
"3969","959396:165"
"3970","959981:76"
"3971","959981:103"
"3972","960170:23"
"3973","960170:51"
"3974","960170:114"
"3975","962438:54"
"3976","962438:94"
"3977","963394:16"
"3978","963398:54"
"3979","967009:140"
"3980","968982:233"
"3981","968993:128"
"3982","969223:137"
"3983","969800:5"
"3984","969800:81"
"3985","969800:98"
"3986","969800:160"
"3987","969958:207"
"3988","970345:22"
"3989","970382:173"
"3990","973264:67"
"3991","973264:79"
"3992","976221:50"
"3993","985271:111"
"3994","985318:189"
"3995","985387:154"
"3996","985518:110"
"3997","985518:112"
"3998","985553:23"
"3999","985730:53"
"4000","986207:59"
"4001","986207:66"
"4002","986207:96"
"4003","986245:70"
"4004","986245:117"
"4005","986245:120"
"4006","986249:58"
"4007","986249:141"
"4008","986249:142"
"4009","986249:145"
"4010","986249:146"
"4011","986249:150"
"4012","986249:151"
"4013","986249:159"
"4014","986249:161"
"4015","986846:65"
"4016","986846:75"
"4017","986846:101"
"4018","986846:146"
"4019","987001:79"
"4020","987169:95"
"4021","991722:102"
"4022","991722:190"
"4023","991880:112"
"4024","991884:164"
"4025","991948:20"
"4026","993256:48"
"4027","993256:84"
"4028","994257:96"
"4029","994257:179"
"4030","995677:129"
"4031","1019757:183"
"4032","1019757:187"
"4033","1040976:58"
"4034","1041213:161"
"4035","1041213:162"
"4036","1041213:219"
"4037","1043575:45"
"4038","1043913:13"
"4039","1043913:86"
"4040","1068075:86"
"4041","1070586:44"
"4042","1070586:173"
"4043","1080462:156"
"4044","1081336:36"
"4045","1081829:182"
"4046","1082811:263"
